index,date,year,month,day,meantemp
1,2013-01-01,2013,Jan,1,10
2,2013-01-02,2013,Jan,2,7.4
3,2013-01-03,2013,Jan,3,7.16666666666667
4,2013-01-04,2013,Jan,4,8.66666666666667
5,2013-01-05,2013,Jan,5,6
6,2013-01-06,2013,Jan,6,7
7,2013-01-07,2013,Jan,7,7
8,2013-01-08,2013,Jan,8,8.85714285714286
9,2013-01-09,2013,Jan,9,14
10,2013-01-10,2013,Jan,10,11
11,2013-01-11,2013,Jan,11,15.7142857142857
12,2013-01-12,2013,Jan,12,14
13,2013-01-13,2013,Jan,13,15.8333333333333
14,2013-01-14,2013,Jan,14,12.8333333333333
15,2013-01-15,2013,Jan,15,14.7142857142857
16,2013-01-16,2013,Jan,16,13.8333333333333
17,2013-01-17,2013,Jan,17,16.5
18,2013-01-18,2013,Jan,18,13.8333333333333
19,2013-01-19,2013,Jan,19,12.5
20,2013-01-20,2013,Jan,20,11.2857142857143
21,2013-01-21,2013,Jan,21,11.2
22,2013-01-22,2013,Jan,22,9.5
23,2013-01-23,2013,Jan,23,14
24,2013-01-24,2013,Jan,24,13.8333333333333
25,2013-01-25,2013,Jan,25,12.25
26,2013-01-26,2013,Jan,26,12.6666666666667
27,2013-01-27,2013,Jan,27,12.8571428571429
28,2013-01-28,2013,Jan,28,14.8333333333333
29,2013-01-29,2013,Jan,29,14.125
30,2013-01-30,2013,Jan,30,14.7142857142857
31,2013-01-31,2013,Jan,31,16.2
32,2013-02-01,2013,Feb,1,16
33,2013-02-02,2013,Feb,2,16.2857142857143
34,2013-02-03,2013,Feb,3,18
35,2013-02-04,2013,Feb,4,17.4285714285714
36,2013-02-05,2013,Feb,5,16.625
37,2013-02-06,2013,Feb,6,16.6666666666667
38,2013-02-07,2013,Feb,7,15.6
39,2013-02-08,2013,Feb,8,14
40,2013-02-09,2013,Feb,9,15.4285714285714
41,2013-02-10,2013,Feb,10,15.25
42,2013-02-11,2013,Feb,11,15.875
43,2013-02-12,2013,Feb,12,15.3333333333333
44,2013-02-13,2013,Feb,13,16.2857142857143
45,2013-02-14,2013,Feb,14,17.3333333333333
46,2013-02-15,2013,Feb,15,19.1666666666667
47,2013-02-16,2013,Feb,16,14.4285714285714
48,2013-02-17,2013,Feb,17,13.6666666666667
49,2013-02-18,2013,Feb,18,15.6
50,2013-02-19,2013,Feb,19,15.8571428571429
51,2013-02-20,2013,Feb,20,17.7142857142857
52,2013-02-21,2013,Feb,21,20
53,2013-02-22,2013,Feb,22,20.5
54,2013-02-23,2013,Feb,23,17.4285714285714
55,2013-02-24,2013,Feb,24,16.8571428571429
56,2013-02-25,2013,Feb,25,16.875
57,2013-02-26,2013,Feb,26,17.8571428571429
58,2013-02-27,2013,Feb,27,20.8
59,2013-02-28,2013,Feb,28,19.4285714285714
60,2013-03-01,2013,March,1,17.3333333333333
61,2013-03-02,2013,March,2,19
62,2013-03-03,2013,March,3,19.3333333333333
63,2013-03-04,2013,March,4,17.6
64,2013-03-05,2013,March,5,20.875
65,2013-03-06,2013,March,6,20.8571428571429
66,2013-03-07,2013,March,7,23.4285714285714
67,2013-03-08,2013,March,8,24.1666666666667
68,2013-03-09,2013,March,9,25.4285714285714
69,2013-03-10,2013,March,10,23.1428571428571
70,2013-03-11,2013,March,11,24
71,2013-03-12,2013,March,12,23.5
72,2013-03-13,2013,March,13,21.5
73,2013-03-14,2013,March,14,22.3333333333333
74,2013-03-15,2013,March,15,24.1666666666667
75,2013-03-16,2013,March,16,20.3333333333333
76,2013-03-17,2013,March,17,22.6666666666667
77,2013-03-18,2013,March,18,23.4285714285714
78,2013-03-19,2013,March,19,22.5
79,2013-03-20,2013,March,20,29.1666666666667
80,2013-03-21,2013,March,21,23.8333333333333
81,2013-03-22,2013,March,22,25.25
82,2013-03-23,2013,March,23,27.375
83,2013-03-24,2013,March,24,27
84,2013-03-25,2013,March,25,23.5
85,2013-03-26,2013,March,26,24.1428571428571
86,2013-03-27,2013,March,27,21
87,2013-03-28,2013,March,28,22.4285714285714
88,2013-03-29,2013,March,29,21.25
89,2013-03-30,2013,March,30,23.5
90,2013-03-31,2013,March,31,23.2
91,2013-04-01,2013,April,1,25.375
92,2013-04-02,2013,April,2,25.1666666666667
93,2013-04-03,2013,April,3,26.2
94,2013-04-04,2013,April,4,24.6
95,2013-04-05,2013,April,5,25.6
96,2013-04-06,2013,April,6,25.8571428571429
97,2013-04-07,2013,April,7,29.1428571428571
98,2013-04-08,2013,April,8,28.7142857142857
99,2013-04-09,2013,April,9,30.1666666666667
100,2013-04-10,2013,April,10,30
101,2013-04-11,2013,April,11,30
102,2013-04-12,2013,April,12,28.8571428571429
103,2013-04-13,2013,April,13,30.2
104,2013-04-14,2013,April,14,28.25
105,2013-04-15,2013,April,15,28.25
106,2013-04-16,2013,April,16,32.125
107,2013-04-17,2013,April,17,29.2
108,2013-04-18,2013,April,18,30.2857142857143
109,2013-04-19,2013,April,19,28.2857142857143
110,2013-04-20,2013,April,20,30.625
111,2013-04-21,2013,April,21,27.6666666666667
112,2013-04-22,2013,April,22,27.375
113,2013-04-23,2013,April,23,28.625
114,2013-04-24,2013,April,24,30.2857142857143
115,2013-04-25,2013,April,25,31.1428571428571
116,2013-04-26,2013,April,26,29.875
117,2013-04-27,2013,April,27,31.1428571428571
118,2013-04-28,2013,April,28,30.5714285714286
119,2013-04-29,2013,April,29,32.125
120,2013-04-30,2013,April,30,31.1428571428571
121,2013-05-01,2013,May,1,31.8571428571429
122,2013-05-02,2013,May,2,29.8333333333333
123,2013-05-03,2013,May,3,28.5714285714286
124,2013-05-04,2013,May,4,32.8571428571429
125,2013-05-05,2013,May,5,32.625
126,2013-05-06,2013,May,6,32.75
127,2013-05-07,2013,May,7,32.875
128,2013-05-08,2013,May,8,34.5
129,2013-05-09,2013,May,9,34.2857142857143
130,2013-05-10,2013,May,10,34
131,2013-05-11,2013,May,11,30.75
132,2013-05-12,2013,May,12,29.8571428571429
133,2013-05-13,2013,May,13,31.7142857142857
134,2013-05-14,2013,May,14,32.2857142857143
135,2013-05-15,2013,May,15,33
136,2013-05-16,2013,May,16,33
137,2013-05-17,2013,May,17,32.8333333333333
138,2013-05-18,2013,May,18,31.4
139,2013-05-19,2013,May,19,35.3333333333333
140,2013-05-20,2013,May,20,36.4
141,2013-05-21,2013,May,21,36
142,2013-05-22,2013,May,22,36.75
143,2013-05-23,2013,May,23,37.5
144,2013-05-24,2013,May,24,38.4285714285714
145,2013-05-25,2013,May,25,38.7142857142857
146,2013-05-26,2013,May,26,37.8
147,2013-05-27,2013,May,27,35.8571428571429
148,2013-05-28,2013,May,28,35.3333333333333
149,2013-05-29,2013,May,29,34.1428571428571
150,2013-05-30,2013,May,30,32.2
151,2013-05-31,2013,May,31,33.625
152,2013-06-01,2013,June,1,32
153,2013-06-02,2013,June,2,32.4
154,2013-06-03,2013,June,3,35.6
155,2013-06-04,2013,June,4,35.8571428571429
156,2013-06-05,2013,June,5,37.1666666666667
157,2013-06-06,2013,June,6,31.2857142857143
158,2013-06-07,2013,June,7,34
159,2013-06-08,2013,June,8,34.2
160,2013-06-09,2013,June,9,36.1666666666667
161,2013-06-10,2013,June,10,36.625
162,2013-06-11,2013,June,11,30.1666666666667
163,2013-06-12,2013,June,12,34.1428571428571
164,2013-06-13,2013,June,13,29.8333333333333
165,2013-06-14,2013,June,14,30.1428571428571
166,2013-06-15,2013,June,15,30.7142857142857
167,2013-06-16,2013,June,16,27
168,2013-06-17,2013,June,17,26.875
169,2013-06-18,2013,June,18,28.4
170,2013-06-19,2013,June,19,29.8571428571429
171,2013-06-20,2013,June,20,33
172,2013-06-21,2013,June,21,34.8333333333333
173,2013-06-22,2013,June,22,35.6
174,2013-06-23,2013,June,23,35.1666666666667
175,2013-06-24,2013,June,24,33.1428571428571
176,2013-06-25,2013,June,25,30.5714285714286
177,2013-06-26,2013,June,26,30.6666666666667
178,2013-06-27,2013,June,27,31.4285714285714
179,2013-06-28,2013,June,28,31.5
180,2013-06-29,2013,June,29,33.25
181,2013-06-30,2013,June,30,32.8333333333333
182,2013-07-01,2013,July,1,33.8571428571429
183,2013-07-02,2013,July,2,33.1428571428571
184,2013-07-03,2013,July,3,31.5714285714286
185,2013-07-04,2013,July,4,32.375
186,2013-07-05,2013,July,5,32.8
187,2013-07-06,2013,July,6,31
188,2013-07-07,2013,July,7,31.1666666666667
189,2013-07-08,2013,July,8,29.8333333333333
190,2013-07-09,2013,July,9,29
191,2013-07-10,2013,July,10,29.75
192,2013-07-11,2013,July,11,32.5
193,2013-07-12,2013,July,12,28.875
194,2013-07-13,2013,July,13,31.75
195,2013-07-14,2013,July,14,30.75
196,2013-07-15,2013,July,15,31.75
197,2013-07-16,2013,July,16,29.875
198,2013-07-17,2013,July,17,31.125
199,2013-07-18,2013,July,18,31.75
200,2013-07-19,2013,July,19,30.5
201,2013-07-20,2013,July,20,26.8333333333333
202,2013-07-21,2013,July,21,28.2
203,2013-07-22,2013,July,22,29.5
204,2013-07-23,2013,July,23,31.8571428571429
205,2013-07-24,2013,July,24,29.7142857142857
206,2013-07-25,2013,July,25,28.3333333333333
207,2013-07-26,2013,July,26,30
208,2013-07-27,2013,July,27,30.1428571428571
209,2013-07-28,2013,July,28,32.2857142857143
210,2013-07-29,2013,July,29,31
211,2013-07-30,2013,July,30,30.5
212,2013-07-31,2013,July,31,28.8333333333333
213,2013-08-01,2013,Aug,1,30
214,2013-08-02,2013,Aug,2,31.5714285714286
215,2013-08-03,2013,Aug,3,32.5
216,2013-08-04,2013,Aug,4,32.5
217,2013-08-05,2013,Aug,5,29.5
218,2013-08-06,2013,Aug,6,27.1666666666667
219,2013-08-07,2013,Aug,7,28.375
220,2013-08-08,2013,Aug,8,28.5
221,2013-08-09,2013,Aug,9,27.1666666666667
222,2013-08-10,2013,Aug,10,29.4285714285714
223,2013-08-11,2013,Aug,11,30
224,2013-08-12,2013,Aug,12,29.5
225,2013-08-13,2013,Aug,13,30.75
226,2013-08-14,2013,Aug,14,29.6666666666667
227,2013-08-15,2013,Aug,15,27.7142857142857
228,2013-08-16,2013,Aug,16,26.6
229,2013-08-17,2013,Aug,17,27.4285714285714
230,2013-08-18,2013,Aug,18,28.3333333333333
231,2013-08-19,2013,Aug,19,28.1666666666667
232,2013-08-20,2013,Aug,20,27.375
233,2013-08-21,2013,Aug,21,28.3333333333333
234,2013-08-22,2013,Aug,22,29.1666666666667
235,2013-08-23,2013,Aug,23,31.2857142857143
236,2013-08-24,2013,Aug,24,32
237,2013-08-25,2013,Aug,25,29
238,2013-08-26,2013,Aug,26,32
239,2013-08-27,2013,Aug,27,32.1428571428571
240,2013-08-28,2013,Aug,28,30.1428571428571
241,2013-08-29,2013,Aug,29,31.5
242,2013-08-30,2013,Aug,30,29.1666666666667
243,2013-08-31,2013,Aug,31,29
244,2013-09-01,2013,Sept,1,30
245,2013-09-02,2013,Sept,2,31.8571428571429
246,2013-09-03,2013,Sept,3,32.75
247,2013-09-04,2013,Sept,4,31.7142857142857
248,2013-09-05,2013,Sept,5,31.6666666666667
249,2013-09-06,2013,Sept,6,30.5714285714286
250,2013-09-07,2013,Sept,7,30.8333333333333
251,2013-09-08,2013,Sept,8,28
252,2013-09-09,2013,Sept,9,31
253,2013-09-10,2013,Sept,10,29.6666666666667
254,2013-09-11,2013,Sept,11,30.8571428571429
255,2013-09-12,2013,Sept,12,31.1666666666667
256,2013-09-13,2013,Sept,13,31.1428571428571
257,2013-09-14,2013,Sept,14,30.5
258,2013-09-15,2013,Sept,15,31.625
259,2013-09-16,2013,Sept,16,29.6666666666667
260,2013-09-17,2013,Sept,17,29.25
261,2013-09-18,2013,Sept,18,29.1428571428571
262,2013-09-19,2013,Sept,19,29.8
263,2013-09-20,2013,Sept,20,28.6666666666667
264,2013-09-21,2013,Sept,21,25.2
265,2013-09-22,2013,Sept,22,28.3333333333333
266,2013-09-23,2013,Sept,23,30.2857142857143
267,2013-09-24,2013,Sept,24,30.75
268,2013-09-25,2013,Sept,25,28.5714285714286
269,2013-09-26,2013,Sept,26,28.2
270,2013-09-27,2013,Sept,27,29
271,2013-09-28,2013,Sept,28,30
272,2013-09-29,2013,Sept,29,28.1428571428571
273,2013-09-30,2013,Sept,30,26.8571428571429
274,2013-10-01,2013,Oct,1,28.2857142857143
275,2013-10-02,2013,Oct,2,29.2
276,2013-10-03,2013,Oct,3,28.6
277,2013-10-04,2013,Oct,4,24.8333333333333
278,2013-10-05,2013,Oct,5,28.5
279,2013-10-06,2013,Oct,6,29.75
280,2013-10-07,2013,Oct,7,29.7142857142857
281,2013-10-08,2013,Oct,8,29.2
282,2013-10-09,2013,Oct,9,30.8333333333333
283,2013-10-10,2013,Oct,10,29.4285714285714
284,2013-10-11,2013,Oct,11,23.8571428571429
285,2013-10-12,2013,Oct,12,26.1428571428571
286,2013-10-13,2013,Oct,13,27.1666666666667
287,2013-10-14,2013,Oct,14,27.7142857142857
288,2013-10-15,2013,Oct,15,25.8571428571429
289,2013-10-16,2013,Oct,16,26.4285714285714
290,2013-10-17,2013,Oct,17,26.8571428571429
291,2013-10-18,2013,Oct,18,26.3333333333333
292,2013-10-19,2013,Oct,19,24.5714285714286
293,2013-10-20,2013,Oct,20,24.3333333333333
294,2013-10-21,2013,Oct,21,24.875
295,2013-10-22,2013,Oct,22,27.8
296,2013-10-23,2013,Oct,23,25
297,2013-10-24,2013,Oct,24,23.8571428571429
298,2013-10-25,2013,Oct,25,22.8
299,2013-10-26,2013,Oct,26,23
300,2013-10-27,2013,Oct,27,22.875
301,2013-10-28,2013,Oct,28,22.6666666666667
302,2013-10-29,2013,Oct,29,23
303,2013-10-30,2013,Oct,30,22.8571428571429
304,2013-10-31,2013,Oct,31,23.6666666666667
305,2013-11-01,2013,Nov,1,23.4285714285714
306,2013-11-02,2013,Nov,2,21.625
307,2013-11-03,2013,Nov,3,20.625
308,2013-11-04,2013,Nov,4,21.1666666666667
309,2013-11-05,2013,Nov,5,18.8333333333333
310,2013-11-06,2013,Nov,6,20.5714285714286
311,2013-11-07,2013,Nov,7,20.1428571428571
312,2013-11-08,2013,Nov,8,18
313,2013-11-09,2013,Nov,9,19.8571428571429
314,2013-11-10,2013,Nov,10,16.8333333333333
315,2013-11-11,2013,Nov,11,18.8571428571429
316,2013-11-12,2013,Nov,12,16.5714285714286
317,2013-11-13,2013,Nov,13,17.75
318,2013-11-14,2013,Nov,14,17.625
319,2013-11-15,2013,Nov,15,17
320,2013-11-16,2013,Nov,16,16.625
321,2013-11-17,2013,Nov,17,15.5714285714286
322,2013-11-18,2013,Nov,18,18.5
323,2013-11-19,2013,Nov,19,17.875
324,2013-11-20,2013,Nov,20,18.25
325,2013-11-21,2013,Nov,21,17.875
326,2013-11-22,2013,Nov,22,17.625
327,2013-11-23,2013,Nov,23,18.1428571428571
328,2013-11-24,2013,Nov,24,19.125
329,2013-11-25,2013,Nov,25,21.25
330,2013-11-26,2013,Nov,26,21.25
331,2013-11-27,2013,Nov,27,19.125
332,2013-11-28,2013,Nov,28,18.625
333,2013-11-29,2013,Nov,29,17.75
334,2013-11-30,2013,Nov,30,17.875
335,2013-12-01,2013,Dec,1,18
336,2013-12-02,2013,Dec,2,17.25
337,2013-12-03,2013,Dec,3,17.5
338,2013-12-04,2013,Dec,4,17.1428571428571
339,2013-12-05,2013,Dec,5,17.1428571428571
340,2013-12-06,2013,Dec,6,16.125
341,2013-12-07,2013,Dec,7,16
342,2013-12-08,2013,Dec,8,16.5
343,2013-12-09,2013,Dec,9,16.125
344,2013-12-10,2013,Dec,10,15.5
345,2013-12-11,2013,Dec,11,16.625
346,2013-12-12,2013,Dec,12,17.75
347,2013-12-13,2013,Dec,13,17.1428571428571
348,2013-12-14,2013,Dec,14,16.1428571428571
349,2013-12-15,2013,Dec,15,15.5
350,2013-12-16,2013,Dec,16,15.25
351,2013-12-17,2013,Dec,17,14.75
352,2013-12-18,2013,Dec,18,14.875
353,2013-12-19,2013,Dec,19,16.125
354,2013-12-20,2013,Dec,20,15.375
355,2013-12-21,2013,Dec,21,14.75
356,2013-12-22,2013,Dec,22,15.25
357,2013-12-23,2013,Dec,23,14.25
358,2013-12-24,2013,Dec,24,13.5
359,2013-12-25,2013,Dec,25,13.6666666666667
360,2013-12-26,2013,Dec,26,12.125
361,2013-12-27,2013,Dec,27,11.875
362,2013-12-28,2013,Dec,28,10.875
363,2013-12-29,2013,Dec,29,10.5714285714286
364,2013-12-30,2013,Dec,30,12.375
365,2013-12-31,2013,Dec,31,14.5
366,2014-01-01,2014,Jan,1,13.375
367,2014-01-02,2014,Jan,2,11
368,2014-01-03,2014,Jan,3,12.5
369,2014-01-04,2014,Jan,4,12.875
370,2014-01-05,2014,Jan,5,12.375
371,2014-01-06,2014,Jan,6,11.4285714285714
372,2014-01-07,2014,Jan,7,12.1428571428571
373,2014-01-08,2014,Jan,8,11.875
374,2014-01-09,2014,Jan,9,12.8333333333333
375,2014-01-10,2014,Jan,10,12.375
376,2014-01-11,2014,Jan,11,12.125
377,2014-01-12,2014,Jan,12,12.875
378,2014-01-13,2014,Jan,13,14
379,2014-01-14,2014,Jan,14,14.875
380,2014-01-15,2014,Jan,15,12
381,2014-01-16,2014,Jan,16,12.2857142857143
382,2014-01-17,2014,Jan,17,12
383,2014-01-18,2014,Jan,18,12.5
384,2014-01-19,2014,Jan,19,14.5
385,2014-01-20,2014,Jan,20,14.625
386,2014-01-21,2014,Jan,21,13.5714285714286
387,2014-01-22,2014,Jan,22,15.25
388,2014-01-23,2014,Jan,23,15.625
389,2014-01-24,2014,Jan,24,13.875
390,2014-01-25,2014,Jan,25,11.75
391,2014-01-26,2014,Jan,26,14.375
392,2014-01-27,2014,Jan,27,16.625
393,2014-01-28,2014,Jan,28,16.625
394,2014-01-29,2014,Jan,29,14.875
395,2014-01-30,2014,Jan,30,14.5
396,2014-01-31,2014,Jan,31,14.75
397,2014-02-01,2014,Feb,1,14
398,2014-02-02,2014,Feb,2,15.25
399,2014-02-03,2014,Feb,3,18.4285714285714
400,2014-02-04,2014,Feb,4,18.8571428571429
401,2014-02-05,2014,Feb,5,17
402,2014-02-06,2014,Feb,6,18.5
403,2014-02-07,2014,Feb,7,19.625
404,2014-02-08,2014,Feb,8,13.625
405,2014-02-09,2014,Feb,9,12.875
406,2014-02-10,2014,Feb,10,12.625
407,2014-02-11,2014,Feb,11,13.375
408,2014-02-12,2014,Feb,12,13.25
409,2014-02-13,2014,Feb,13,15.25
410,2014-02-14,2014,Feb,14,13
411,2014-02-15,2014,Feb,15,12.375
412,2014-02-16,2014,Feb,16,13.5
413,2014-02-17,2014,Feb,17,15.125
414,2014-02-18,2014,Feb,18,15.25
415,2014-02-19,2014,Feb,19,15.125
416,2014-02-20,2014,Feb,20,16.125
417,2014-02-21,2014,Feb,21,17.125
418,2014-02-22,2014,Feb,22,16.625
419,2014-02-23,2014,Feb,23,16.5
420,2014-02-24,2014,Feb,24,16.375
421,2014-02-25,2014,Feb,25,18.125
422,2014-02-26,2014,Feb,26,18.75
423,2014-02-27,2014,Feb,27,18.625
424,2014-02-28,2014,Feb,28,15.625
425,2014-03-01,2014,March,1,16.1428571428571
426,2014-03-02,2014,March,2,16.125
427,2014-03-03,2014,March,3,17.875
428,2014-03-04,2014,March,4,18.75
429,2014-03-05,2014,March,5,18.875
430,2014-03-06,2014,March,6,18.375
431,2014-03-07,2014,March,7,18.5
432,2014-03-08,2014,March,8,19.875
433,2014-03-09,2014,March,9,22
434,2014-03-10,2014,March,10,20
435,2014-03-11,2014,March,11,20.7142857142857
436,2014-03-12,2014,March,12,20
437,2014-03-13,2014,March,13,19
438,2014-03-14,2014,March,14,19.625
439,2014-03-15,2014,March,15,21.625
440,2014-03-16,2014,March,16,23.125
441,2014-03-17,2014,March,17,26.25
442,2014-03-18,2014,March,18,24.8571428571429
443,2014-03-19,2014,March,19,21.75
444,2014-03-20,2014,March,20,21.5
445,2014-03-21,2014,March,21,22.5
446,2014-03-22,2014,March,22,25
447,2014-03-23,2014,March,23,22.75
448,2014-03-24,2014,March,24,22.375
449,2014-03-25,2014,March,25,24.625
450,2014-03-26,2014,March,26,25.125
451,2014-03-27,2014,March,27,23.5
452,2014-03-28,2014,March,28,24.4285714285714
453,2014-03-29,2014,March,29,25.875
454,2014-03-30,2014,March,30,24.125
455,2014-03-31,2014,March,31,24.125
456,2014-04-01,2014,April,1,24.875
457,2014-04-02,2014,April,2,26.75
458,2014-04-03,2014,April,3,25
459,2014-04-04,2014,April,4,25.8571428571429
460,2014-04-05,2014,April,5,27.375
461,2014-04-06,2014,April,6,30.125
462,2014-04-07,2014,April,7,27.25
463,2014-04-08,2014,April,8,25.75
464,2014-04-09,2014,April,9,25.75
465,2014-04-10,2014,April,10,26.375
466,2014-04-11,2014,April,11,28.1428571428571
467,2014-04-12,2014,April,12,29.125
468,2014-04-13,2014,April,13,26.875
469,2014-04-14,2014,April,14,27.625
470,2014-04-15,2014,April,15,29
471,2014-04-16,2014,April,16,27.125
472,2014-04-17,2014,April,17,26.375
473,2014-04-18,2014,April,18,24.25
474,2014-04-19,2014,April,19,25.625
475,2014-04-20,2014,April,20,27
476,2014-04-21,2014,April,21,28
477,2014-04-22,2014,April,22,29.375
478,2014-04-23,2014,April,23,29.125
479,2014-04-24,2014,April,24,29.375
480,2014-04-25,2014,April,25,30.625
481,2014-04-26,2014,April,26,31.5
482,2014-04-27,2014,April,27,30.625
483,2014-04-28,2014,April,28,31.5
484,2014-04-29,2014,April,29,32.125
485,2014-04-30,2014,April,30,33.25
486,2014-05-01,2014,May,1,34.875
487,2014-05-02,2014,May,2,34.375
488,2014-05-03,2014,May,3,31.75
489,2014-05-04,2014,May,4,31.875
490,2014-05-05,2014,May,5,29.75
491,2014-05-06,2014,May,6,29.5714285714286
492,2014-05-07,2014,May,7,31.75
493,2014-05-08,2014,May,8,31.375
494,2014-05-09,2014,May,9,30.5
495,2014-05-10,2014,May,10,30
496,2014-05-11,2014,May,11,29.625
497,2014-05-12,2014,May,12,28
498,2014-05-13,2014,May,13,25.25
499,2014-05-14,2014,May,14,26.875
500,2014-05-15,2014,May,15,29.5
501,2014-05-16,2014,May,16,31.125
502,2014-05-17,2014,May,17,29.875
503,2014-05-18,2014,May,18,31.5
504,2014-05-19,2014,May,19,32.375
505,2014-05-20,2014,May,20,31.125
506,2014-05-21,2014,May,21,33
507,2014-05-22,2014,May,22,33.25
508,2014-05-23,2014,May,23,34.625
509,2014-05-24,2014,May,24,31.5
510,2014-05-25,2014,May,25,31.5
511,2014-05-26,2014,May,26,30.125
512,2014-05-27,2014,May,27,31.875
513,2014-05-28,2014,May,28,33.625
514,2014-05-29,2014,May,29,35.25
515,2014-05-30,2014,May,30,33.125
516,2014-05-31,2014,May,31,34.625
517,2014-06-01,2014,June,1,32.75
518,2014-06-02,2014,June,2,32.75
519,2014-06-03,2014,June,3,34.875
520,2014-06-04,2014,June,4,35.25
521,2014-06-05,2014,June,5,36.875
522,2014-06-06,2014,June,6,37.5
523,2014-06-07,2014,June,7,38.5
524,2014-06-08,2014,June,8,37.625
525,2014-06-09,2014,June,9,37.875
526,2014-06-10,2014,June,10,37.25
527,2014-06-11,2014,June,11,37.625
528,2014-06-12,2014,June,12,32.875
529,2014-06-13,2014,June,13,30.25
530,2014-06-14,2014,June,14,30.5
531,2014-06-15,2014,June,15,33.875
532,2014-06-16,2014,June,16,36.375
533,2014-06-17,2014,June,17,36.875
534,2014-06-18,2014,June,18,33.875
535,2014-06-19,2014,June,19,35.75
536,2014-06-20,2014,June,20,38
537,2014-06-21,2014,June,21,36.875
538,2014-06-22,2014,June,22,34.5
539,2014-06-23,2014,June,23,32.125
540,2014-06-24,2014,June,24,33
541,2014-06-25,2014,June,25,32.25
542,2014-06-26,2014,June,26,32.5
543,2014-06-27,2014,June,27,34.75
544,2014-06-28,2014,June,28,34.875
545,2014-06-29,2014,June,29,33
546,2014-06-30,2014,June,30,32
547,2014-07-01,2014,July,1,31.375
548,2014-07-02,2014,July,2,29.5
549,2014-07-03,2014,July,3,28.875
550,2014-07-04,2014,July,4,31.3888888888889
551,2014-07-05,2014,July,5,34.7058823529412
552,2014-07-06,2014,July,6,30.625
553,2014-07-07,2014,July,7,34
554,2014-07-08,2014,July,8,35
555,2014-07-09,2014,July,9,36
556,2014-07-10,2014,July,10,36.125
557,2014-07-11,2014,July,11,36.625
558,2014-07-12,2014,July,12,35.875
559,2014-07-13,2014,July,13,31.625
560,2014-07-14,2014,July,14,32.375
561,2014-07-15,2014,July,15,33.125
562,2014-07-16,2014,July,16,32.625
563,2014-07-17,2014,July,17,30.75
564,2014-07-18,2014,July,18,27.25
565,2014-07-19,2014,July,19,29.875
566,2014-07-20,2014,July,20,30.875
567,2014-07-21,2014,July,21,32.125
568,2014-07-22,2014,July,22,31.625
569,2014-07-23,2014,July,23,30.625
570,2014-07-24,2014,July,24,30.5
571,2014-07-25,2014,July,25,30.75
572,2014-07-26,2014,July,26,32.5
573,2014-07-27,2014,July,27,31.7142857142857
574,2014-07-28,2014,July,28,30
575,2014-07-29,2014,July,29,30.25
576,2014-07-30,2014,July,30,31.875
577,2014-07-31,2014,July,31,32.5
578,2014-08-01,2014,Aug,1,33.25
579,2014-08-02,2014,Aug,2,30.125
580,2014-08-03,2014,Aug,3,31.5
581,2014-08-04,2014,Aug,4,30.5
582,2014-08-05,2014,Aug,5,29.75
583,2014-08-06,2014,Aug,6,32.125
584,2014-08-07,2014,Aug,7,31.125
585,2014-08-08,2014,Aug,8,31
586,2014-08-09,2014,Aug,9,29.2352941176471
587,2014-08-10,2014,Aug,10,28.5
588,2014-08-11,2014,Aug,11,31.125
589,2014-08-12,2014,Aug,12,32.125
590,2014-08-13,2014,Aug,13,32.125
591,2014-08-14,2014,Aug,14,30.375
592,2014-08-15,2014,Aug,15,31.125
593,2014-08-16,2014,Aug,16,30.4285714285714
594,2014-08-17,2014,Aug,17,31.375
595,2014-08-18,2014,Aug,18,31.875
596,2014-08-19,2014,Aug,19,33
597,2014-08-20,2014,Aug,20,33.25
598,2014-08-21,2014,Aug,21,32.5
599,2014-08-22,2014,Aug,22,33
600,2014-08-23,2014,Aug,23,33.125
601,2014-08-24,2014,Aug,24,33.125
602,2014-08-25,2014,Aug,25,33.875
603,2014-08-26,2014,Aug,26,34.125
604,2014-08-27,2014,Aug,27,33.8571428571429
605,2014-08-28,2014,Aug,28,29.625
606,2014-08-29,2014,Aug,29,30.375
607,2014-08-30,2014,Aug,30,28.625
608,2014-08-31,2014,Aug,31,27.625
609,2014-09-01,2014,Sept,1,29.4285714285714
610,2014-09-02,2014,Sept,2,29.25
611,2014-09-03,2014,Sept,3,28.625
612,2014-09-04,2014,Sept,4,27.875
613,2014-09-05,2014,Sept,5,26.5
614,2014-09-06,2014,Sept,6,28.5
615,2014-09-07,2014,Sept,7,31
616,2014-09-08,2014,Sept,8,31.25
617,2014-09-09,2014,Sept,9,31
618,2014-09-10,2014,Sept,10,28.75
619,2014-09-11,2014,Sept,11,26.5714285714286
620,2014-09-12,2014,Sept,12,28.5
621,2014-09-13,2014,Sept,13,29.375
622,2014-09-14,2014,Sept,14,29.125
623,2014-09-15,2014,Sept,15,29.625
624,2014-09-16,2014,Sept,16,30.625
625,2014-09-17,2014,Sept,17,30.625
626,2014-09-18,2014,Sept,18,30.5
627,2014-09-19,2014,Sept,19,31
628,2014-09-20,2014,Sept,20,31.125
629,2014-09-21,2014,Sept,21,30.5
630,2014-09-22,2014,Sept,22,30.625
631,2014-09-23,2014,Sept,23,31
632,2014-09-24,2014,Sept,24,29.625
633,2014-09-25,2014,Sept,25,30
634,2014-09-26,2014,Sept,26,30
635,2014-09-27,2014,Sept,27,30.5
636,2014-09-28,2014,Sept,28,30.25
637,2014-09-29,2014,Sept,29,30.5
638,2014-09-30,2014,Sept,30,30.625
639,2014-10-01,2014,Oct,1,30.4285714285714
640,2014-10-02,2014,Oct,2,30.375
641,2014-10-03,2014,Oct,3,30.5
642,2014-10-04,2014,Oct,4,31
643,2014-10-05,2014,Oct,5,30.625
644,2014-10-06,2014,Oct,6,30.625
645,2014-10-07,2014,Oct,7,31
646,2014-10-08,2014,Oct,8,28.75
647,2014-10-09,2014,Oct,9,27.625
648,2014-10-10,2014,Oct,10,27.125
649,2014-10-11,2014,Oct,11,25.7142857142857
650,2014-10-12,2014,Oct,12,26
651,2014-10-13,2014,Oct,13,27.625
652,2014-10-14,2014,Oct,14,24.5
653,2014-10-15,2014,Oct,15,24.5
654,2014-10-16,2014,Oct,16,23
655,2014-10-17,2014,Oct,17,25
656,2014-10-18,2014,Oct,18,24
657,2014-10-19,2014,Oct,19,23.75
658,2014-10-20,2014,Oct,20,24.75
659,2014-10-21,2014,Oct,21,25.625
660,2014-10-22,2014,Oct,22,25.75
661,2014-10-23,2014,Oct,23,25.25
662,2014-10-24,2014,Oct,24,25.5
663,2014-10-25,2014,Oct,25,25.25
664,2014-10-26,2014,Oct,26,25.125
665,2014-10-27,2014,Oct,27,24.875
666,2014-10-28,2014,Oct,28,25.125
667,2014-10-29,2014,Oct,29,24.75
668,2014-10-30,2014,Oct,30,23.875
669,2014-10-31,2014,Oct,31,23.375
670,2014-11-01,2014,Nov,1,22.5
671,2014-11-02,2014,Nov,2,22.875
672,2014-11-03,2014,Nov,3,23.375
673,2014-11-04,2014,Nov,4,23.625
674,2014-11-05,2014,Nov,5,22.75
675,2014-11-06,2014,Nov,6,23
676,2014-11-07,2014,Nov,7,24
677,2014-11-08,2014,Nov,8,23.875
678,2014-11-09,2014,Nov,9,24.125
679,2014-11-10,2014,Nov,10,21.375
680,2014-11-11,2014,Nov,11,19.25
681,2014-11-12,2014,Nov,12,19.625
682,2014-11-13,2014,Nov,13,18.5
683,2014-11-14,2014,Nov,14,18.375
684,2014-11-15,2014,Nov,15,18.625
685,2014-11-16,2014,Nov,16,18.25
686,2014-11-17,2014,Nov,17,17.75
687,2014-11-18,2014,Nov,18,17.625
688,2014-11-19,2014,Nov,19,17.5
689,2014-11-20,2014,Nov,20,20.375
690,2014-11-21,2014,Nov,21,18.25
691,2014-11-22,2014,Nov,22,19.875
692,2014-11-23,2014,Nov,23,17.125
693,2014-11-24,2014,Nov,24,16.875
694,2014-11-25,2014,Nov,25,16.5
695,2014-11-26,2014,Nov,26,19.625
696,2014-11-27,2014,Nov,27,18.125
697,2014-11-28,2014,Nov,28,19.375
698,2014-11-29,2014,Nov,29,20.25
699,2014-11-30,2014,Nov,30,19.75
700,2014-12-01,2014,Dec,1,20
701,2014-12-02,2014,Dec,2,21.375
702,2014-12-03,2014,Dec,3,25
703,2014-12-04,2014,Dec,4,21.25
704,2014-12-05,2014,Dec,5,17.75
705,2014-12-06,2014,Dec,6,18.25
706,2014-12-07,2014,Dec,7,17.25
707,2014-12-08,2014,Dec,8,17
708,2014-12-09,2014,Dec,9,15.2857142857143
709,2014-12-10,2014,Dec,10,21.5
710,2014-12-11,2014,Dec,11,19.625
711,2014-12-12,2014,Dec,12,17.5
712,2014-12-13,2014,Dec,13,16
713,2014-12-14,2014,Dec,14,16.875
714,2014-12-15,2014,Dec,15,16.625
715,2014-12-16,2014,Dec,16,17.75
716,2014-12-17,2014,Dec,17,12.875
717,2014-12-18,2014,Dec,18,11.75
718,2014-12-19,2014,Dec,19,11.75
719,2014-12-20,2014,Dec,20,11.25
720,2014-12-21,2014,Dec,21,9.5
721,2014-12-22,2014,Dec,22,9.375
722,2014-12-23,2014,Dec,23,9.625
723,2014-12-24,2014,Dec,24,9.875
724,2014-12-25,2014,Dec,25,9.25
725,2014-12-26,2014,Dec,26,10.75
726,2014-12-27,2014,Dec,27,10.375
727,2014-12-28,2014,Dec,28,9
728,2014-12-29,2014,Dec,29,11.125
729,2014-12-30,2014,Dec,30,11.625
730,2014-12-31,2014,Dec,31,12.375
731,2015-01-01,2015,Jan,1,14.75
732,2015-01-02,2015,Jan,2,14.875
733,2015-01-03,2015,Jan,3,15.125
734,2015-01-04,2015,Jan,4,14.125
735,2015-01-05,2015,Jan,5,14
736,2015-01-06,2015,Jan,6,12
737,2015-01-07,2015,Jan,7,9.625
738,2015-01-08,2015,Jan,8,10
739,2015-01-09,2015,Jan,9,10.625
740,2015-01-10,2015,Jan,10,11.125
741,2015-01-11,2015,Jan,11,11
742,2015-01-12,2015,Jan,12,10.625
743,2015-01-13,2015,Jan,13,12.25
744,2015-01-14,2015,Jan,14,12
745,2015-01-15,2015,Jan,15,12.375
746,2015-01-16,2015,Jan,16,13
747,2015-01-17,2015,Jan,17,13.5
748,2015-01-18,2015,Jan,18,13
749,2015-01-19,2015,Jan,19,13.75
750,2015-01-20,2015,Jan,20,13.375
751,2015-01-21,2015,Jan,21,13.25
752,2015-01-22,2015,Jan,22,12.625
753,2015-01-23,2015,Jan,23,14.625
754,2015-01-24,2015,Jan,24,12.375
755,2015-01-25,2015,Jan,25,13.25
756,2015-01-26,2015,Jan,26,13.75
757,2015-01-27,2015,Jan,27,13.25
758,2015-01-28,2015,Jan,28,11.7142857142857
759,2015-01-29,2015,Jan,29,11.5
760,2015-01-30,2015,Jan,30,12.75
761,2015-01-31,2015,Jan,31,13.75
762,2015-02-01,2015,Feb,1,15
763,2015-02-02,2015,Feb,2,17.375
764,2015-02-03,2015,Feb,3,16.75
765,2015-02-04,2015,Feb,4,14.625
766,2015-02-05,2015,Feb,5,14.625
767,2015-02-06,2015,Feb,6,15.125
768,2015-02-07,2015,Feb,7,15.875
769,2015-02-08,2015,Feb,8,16.625
770,2015-02-09,2015,Feb,9,16.875
771,2015-02-10,2015,Feb,10,15.75
772,2015-02-11,2015,Feb,11,16
773,2015-02-12,2015,Feb,12,15.5
774,2015-02-13,2015,Feb,13,17.25
775,2015-02-14,2015,Feb,14,19.375
776,2015-02-15,2015,Feb,15,18.875
777,2015-02-16,2015,Feb,16,20.625
778,2015-02-17,2015,Feb,17,21.1428571428571
779,2015-02-18,2015,Feb,18,21.25
780,2015-02-19,2015,Feb,19,22.75
781,2015-02-20,2015,Feb,20,22.75
782,2015-02-21,2015,Feb,21,21.875
783,2015-02-22,2015,Feb,22,22.1428571428571
784,2015-02-23,2015,Feb,23,21.5
785,2015-02-24,2015,Feb,24,22.875
786,2015-02-25,2015,Feb,25,23.125
787,2015-02-26,2015,Feb,26,20
788,2015-02-27,2015,Feb,27,19.25
789,2015-02-28,2015,Feb,28,21.25
790,2015-03-01,2015,March,1,17.375
791,2015-03-02,2015,March,2,17.5
792,2015-03-03,2015,March,3,16.25
793,2015-03-04,2015,March,4,16.75
794,2015-03-05,2015,March,5,18.75
795,2015-03-06,2015,March,6,20
796,2015-03-07,2015,March,7,18.375
797,2015-03-08,2015,March,8,19.5
798,2015-03-09,2015,March,9,18.125
799,2015-03-10,2015,March,10,17.75
800,2015-03-11,2015,March,11,18.25
801,2015-03-12,2015,March,12,20.5
802,2015-03-13,2015,March,13,21.375
803,2015-03-14,2015,March,14,21.5
804,2015-03-15,2015,March,15,17.625
805,2015-03-16,2015,March,16,19.8571428571429
806,2015-03-17,2015,March,17,20.875
807,2015-03-18,2015,March,18,20.25
808,2015-03-19,2015,March,19,21.125
809,2015-03-20,2015,March,20,22.5
810,2015-03-21,2015,March,21,24.875
811,2015-03-22,2015,March,22,25.125
812,2015-03-23,2015,March,23,24.75
813,2015-03-24,2015,March,24,25.75
814,2015-03-25,2015,March,25,26.625
815,2015-03-26,2015,March,26,28.5
816,2015-03-27,2015,March,27,27.375
817,2015-03-28,2015,March,28,27
818,2015-03-29,2015,March,29,25
819,2015-03-30,2015,March,30,23.5
820,2015-03-31,2015,March,31,25.25
821,2015-04-01,2015,April,1,26.4285714285714
822,2015-04-02,2015,April,2,28.7142857142857
823,2015-04-03,2015,April,3,24.5
824,2015-04-04,2015,April,4,21
825,2015-04-05,2015,April,5,23.5714285714286
826,2015-04-06,2015,April,6,25
827,2015-04-07,2015,April,7,23.75
828,2015-04-08,2015,April,8,25.625
829,2015-04-09,2015,April,9,26
830,2015-04-10,2015,April,10,27.125
831,2015-04-11,2015,April,11,28.25
832,2015-04-12,2015,April,12,24.375
833,2015-04-13,2015,April,13,24.75
834,2015-04-14,2015,April,14,26.25
835,2015-04-15,2015,April,15,27.625
836,2015-04-16,2015,April,16,25.25
837,2015-04-17,2015,April,17,28.125
838,2015-04-18,2015,April,18,30.125
839,2015-04-19,2015,April,19,32.125
840,2015-04-20,2015,April,20,32.875
841,2015-04-21,2015,April,21,31.75
842,2015-04-22,2015,April,22,30.75
843,2015-04-23,2015,April,23,30.75
844,2015-04-24,2015,April,24,31.125
845,2015-04-25,2015,April,25,30.5
846,2015-04-26,2015,April,26,28.75
847,2015-04-27,2015,April,27,30.125
848,2015-04-28,2015,April,28,31
849,2015-04-29,2015,April,29,31.25
850,2015-04-30,2015,April,30,32.625
851,2015-05-01,2015,May,1,31.25
852,2015-05-02,2015,May,2,30.125
853,2015-05-03,2015,May,3,31
854,2015-05-04,2015,May,4,30.875
855,2015-05-05,2015,May,5,32.125
856,2015-05-06,2015,May,6,34.125
857,2015-05-07,2015,May,7,35.4285714285714
858,2015-05-08,2015,May,8,34.125
859,2015-05-09,2015,May,9,35.125
860,2015-05-10,2015,May,10,35.125
861,2015-05-11,2015,May,11,34
862,2015-05-12,2015,May,12,33.125
863,2015-05-13,2015,May,13,27.75
864,2015-05-14,2015,May,14,29.625
865,2015-05-15,2015,May,15,28.5
866,2015-05-16,2015,May,16,30
867,2015-05-17,2015,May,17,33.25
868,2015-05-18,2015,May,18,35.375
869,2015-05-19,2015,May,19,31.5
870,2015-05-20,2015,May,20,33.125
871,2015-05-21,2015,May,21,35.625
872,2015-05-22,2015,May,22,36.25
873,2015-05-23,2015,May,23,37.375
874,2015-05-24,2015,May,24,36
875,2015-05-25,2015,May,25,37.75
876,2015-05-26,2015,May,26,35.25
877,2015-05-27,2015,May,27,33.75
878,2015-05-28,2015,May,28,34.75
879,2015-05-29,2015,May,29,35.125
880,2015-05-30,2015,May,30,32.25
881,2015-05-31,2015,May,31,34.25
882,2015-06-01,2015,June,1,29.375
883,2015-06-02,2015,June,2,31.625
884,2015-06-03,2015,June,3,28.625
885,2015-06-04,2015,June,4,31.875
886,2015-06-05,2015,June,5,32.625
887,2015-06-06,2015,June,6,33.375
888,2015-06-07,2015,June,7,35
889,2015-06-08,2015,June,8,36.5
890,2015-06-09,2015,June,9,37.625
891,2015-06-10,2015,June,10,36.625
892,2015-06-11,2015,June,11,35.625
893,2015-06-12,2015,June,12,35.875
894,2015-06-13,2015,June,13,31.125
895,2015-06-14,2015,June,14,27
896,2015-06-15,2015,June,15,31
897,2015-06-16,2015,June,16,32.375
898,2015-06-17,2015,June,17,33.875
899,2015-06-18,2015,June,18,35.125
900,2015-06-19,2015,June,19,35.875
901,2015-06-20,2015,June,20,33.125
902,2015-06-21,2015,June,21,30.375
903,2015-06-22,2015,June,22,32.125
904,2015-06-23,2015,June,23,31.5
905,2015-06-24,2015,June,24,37.25
906,2015-06-25,2015,June,25,26.625
907,2015-06-26,2015,June,26,31.125
908,2015-06-27,2015,June,27,32.625
909,2015-06-28,2015,June,28,34.25
910,2015-06-29,2015,June,29,31.125
911,2015-06-30,2015,June,30,30.875
912,2015-07-01,2015,July,1,32
913,2015-07-02,2015,July,2,33.75
914,2015-07-03,2015,July,3,33
915,2015-07-04,2015,July,4,34.125
916,2015-07-05,2015,July,5,35.7142857142857
917,2015-07-06,2015,July,6,27.875
918,2015-07-07,2015,July,7,28.125
919,2015-07-08,2015,July,8,31.25
920,2015-07-09,2015,July,9,29.625
921,2015-07-10,2015,July,10,26.625
922,2015-07-11,2015,July,11,25.5
923,2015-07-12,2015,July,12,25.5
924,2015-07-13,2015,July,13,29.875
925,2015-07-14,2015,July,14,30.875
926,2015-07-15,2015,July,15,33.375
927,2015-07-16,2015,July,16,31.75
928,2015-07-17,2015,July,17,30.75
929,2015-07-18,2015,July,18,29.5
930,2015-07-19,2015,July,19,30.125
931,2015-07-20,2015,July,20,29.125
932,2015-07-21,2015,July,21,31.375
933,2015-07-22,2015,July,22,32.25
934,2015-07-23,2015,July,23,32.125
935,2015-07-24,2015,July,24,32
936,2015-07-25,2015,July,25,30.8571428571429
937,2015-07-26,2015,July,26,30
938,2015-07-27,2015,July,27,29.625
939,2015-07-28,2015,July,28,29.5
940,2015-07-29,2015,July,29,28.5
941,2015-07-30,2015,July,30,29
942,2015-07-31,2015,July,31,29
943,2015-08-01,2015,Aug,1,28.25
944,2015-08-02,2015,Aug,2,29.625
945,2015-08-03,2015,Aug,3,31.5
946,2015-08-04,2015,Aug,4,29.4285714285714
947,2015-08-05,2015,Aug,5,29.59375
948,2015-08-06,2015,Aug,6,29.5
949,2015-08-07,2015,Aug,7,29.25
950,2015-08-08,2015,Aug,8,28.875
951,2015-08-09,2015,Aug,9,27.375
952,2015-08-10,2015,Aug,10,30.375
953,2015-08-11,2015,Aug,11,28.375
954,2015-08-12,2015,Aug,12,30.75
955,2015-08-13,2015,Aug,13,32
956,2015-08-14,2015,Aug,14,30.875
957,2015-08-15,2015,Aug,15,28.5
958,2015-08-16,2015,Aug,16,28.625
959,2015-08-17,2015,Aug,17,30.75
960,2015-08-18,2015,Aug,18,29.125
961,2015-08-19,2015,Aug,19,31.25
962,2015-08-20,2015,Aug,20,30.75
963,2015-08-21,2015,Aug,21,29.375
964,2015-08-22,2015,Aug,22,30.25
965,2015-08-23,2015,Aug,23,29.875
966,2015-08-24,2015,Aug,24,30.75
967,2015-08-25,2015,Aug,25,32
968,2015-08-26,2015,Aug,26,32
969,2015-08-27,2015,Aug,27,32.5
970,2015-08-28,2015,Aug,28,32
971,2015-08-29,2015,Aug,29,32.25
972,2015-08-30,2015,Aug,30,32.625
973,2015-08-31,2015,Aug,31,31.8571428571429
974,2015-09-01,2015,Sept,1,32.125
975,2015-09-02,2015,Sept,2,31.875
976,2015-09-03,2015,Sept,3,31.625
977,2015-09-04,2015,Sept,4,32
978,2015-09-05,2015,Sept,5,30.875
979,2015-09-06,2015,Sept,6,31.25
980,2015-09-07,2015,Sept,7,31.5
981,2015-09-08,2015,Sept,8,31.625
982,2015-09-09,2015,Sept,9,31
983,2015-09-10,2015,Sept,10,31.25
984,2015-09-11,2015,Sept,11,30.75
985,2015-09-12,2015,Sept,12,32.1428571428571
986,2015-09-13,2015,Sept,13,32.125
987,2015-09-14,2015,Sept,14,31.875
988,2015-09-15,2015,Sept,15,33
989,2015-09-16,2015,Sept,16,32.375
990,2015-09-17,2015,Sept,17,31.375
991,2015-09-18,2015,Sept,18,31
992,2015-09-19,2015,Sept,19,30.625
993,2015-09-20,2015,Sept,20,29.1428571428571
994,2015-09-21,2015,Sept,21,30.125
995,2015-09-22,2015,Sept,22,30.25
996,2015-09-23,2015,Sept,23,28.625
997,2015-09-24,2015,Sept,24,28.25
998,2015-09-25,2015,Sept,25,28.5
999,2015-09-26,2015,Sept,26,29.25
1000,2015-09-27,2015,Sept,27,28.7142857142857
1001,2015-09-28,2015,Sept,28,28.25
1002,2015-09-29,2015,Sept,29,29
1003,2015-09-30,2015,Sept,30,29
1004,2015-10-01,2015,Oct,1,28.125
1005,2015-10-02,2015,Oct,2,28.2857142857143
1006,2015-10-03,2015,Oct,3,30
1007,2015-10-04,2015,Oct,4,29
1008,2015-10-05,2015,Oct,5,28.875
1009,2015-10-06,2015,Oct,6,28.375
1010,2015-10-07,2015,Oct,7,28.625
1011,2015-10-08,2015,Oct,8,28.375
1012,2015-10-09,2015,Oct,9,28.5
1013,2015-10-10,2015,Oct,10,28.5
1014,2015-10-11,2015,Oct,11,28.5714285714286
1015,2015-10-12,2015,Oct,12,29.25
1016,2015-10-13,2015,Oct,13,29.5
1017,2015-10-14,2015,Oct,14,28.125
1018,2015-10-15,2015,Oct,15,27.5
1019,2015-10-16,2015,Oct,16,27.875
1020,2015-10-17,2015,Oct,17,28
1021,2015-10-18,2015,Oct,18,26.8571428571429
1022,2015-10-19,2015,Oct,19,28.1428571428571
1023,2015-10-20,2015,Oct,20,27.7142857142857
1024,2015-10-21,2015,Oct,21,26.5
1025,2015-10-22,2015,Oct,22,24.75
1026,2015-10-23,2015,Oct,23,24
1027,2015-10-24,2015,Oct,24,24.875
1028,2015-10-25,2015,Oct,25,26.375
1029,2015-10-26,2015,Oct,26,25.625
1030,2015-10-27,2015,Oct,27,24.75
1031,2015-10-28,2015,Oct,28,20.875
1032,2015-10-29,2015,Oct,29,22.125
1033,2015-10-30,2015,Oct,30,22.375
1034,2015-10-31,2015,Oct,31,22.375
1035,2015-11-01,2015,Nov,1,22.875
1036,2015-11-02,2015,Nov,2,23.375
1037,2015-11-03,2015,Nov,3,24
1038,2015-11-04,2015,Nov,4,23.75
1039,2015-11-05,2015,Nov,5,22.125
1040,2015-11-06,2015,Nov,6,22.875
1041,2015-11-07,2015,Nov,7,21.875
1042,2015-11-08,2015,Nov,8,21.875
1043,2015-11-09,2015,Nov,9,21.75
1044,2015-11-10,2015,Nov,10,22.75
1045,2015-11-11,2015,Nov,11,21.875
1046,2015-11-12,2015,Nov,12,21.875
1047,2015-11-13,2015,Nov,13,22.375
1048,2015-11-14,2015,Nov,14,22.375
1049,2015-11-15,2015,Nov,15,22.5
1050,2015-11-16,2015,Nov,16,21.875
1051,2015-11-17,2015,Nov,17,19.875
1052,2015-11-18,2015,Nov,18,18.5
1053,2015-11-19,2015,Nov,19,18.5
1054,2015-11-20,2015,Nov,20,18.5
1055,2015-11-21,2015,Nov,21,18.75
1056,2015-11-22,2015,Nov,22,18.625
1057,2015-11-23,2015,Nov,23,17
1058,2015-11-24,2015,Nov,24,18.5
1059,2015-11-25,2015,Nov,25,19.375
1060,2015-11-26,2015,Nov,26,20
1061,2015-11-27,2015,Nov,27,18.5
1062,2015-11-28,2015,Nov,28,18.75
1063,2015-11-29,2015,Nov,29,18.125
1064,2015-11-30,2015,Nov,30,19.5
1065,2015-12-01,2015,Dec,1,19.25
1066,2015-12-02,2015,Dec,2,18.125
1067,2015-12-03,2015,Dec,3,17.625
1068,2015-12-04,2015,Dec,4,17.625
1069,2015-12-05,2015,Dec,5,17.5
1070,2015-12-06,2015,Dec,6,17.125
1071,2015-12-07,2015,Dec,7,17.625
1072,2015-12-08,2015,Dec,8,18.4285714285714
1073,2015-12-09,2015,Dec,9,18.375
1074,2015-12-10,2015,Dec,10,19
1075,2015-12-11,2015,Dec,11,17.25
1076,2015-12-12,2015,Dec,12,13.25
1077,2015-12-13,2015,Dec,13,12.875
1078,2015-12-14,2015,Dec,14,13.25
1079,2015-12-15,2015,Dec,15,13.125
1080,2015-12-16,2015,Dec,16,13
1081,2015-12-17,2015,Dec,17,12.25
1082,2015-12-18,2015,Dec,18,12.875
1083,2015-12-19,2015,Dec,19,12.375
1084,2015-12-20,2015,Dec,20,11.75
1085,2015-12-21,2015,Dec,21,12.625
1086,2015-12-22,2015,Dec,22,12
1087,2015-12-23,2015,Dec,23,12.5
1088,2015-12-24,2015,Dec,24,11.25
1089,2015-12-25,2015,Dec,25,11.5
1090,2015-12-26,2015,Dec,26,12.75
1091,2015-12-27,2015,Dec,27,15.375
1092,2015-12-28,2015,Dec,28,17.125
1093,2015-12-29,2015,Dec,29,16.375
1094,2015-12-30,2015,Dec,30,15.5
1095,2015-12-31,2015,Dec,31,15
1096,2016-01-01,2016,Jan,1,14.7142857142857
1097,2016-01-02,2016,Jan,2,14
1098,2016-01-03,2016,Jan,3,14.375
1099,2016-01-04,2016,Jan,4,15.75
1100,2016-01-05,2016,Jan,5,15.8333333333333
1101,2016-01-06,2016,Jan,6,17.375
1102,2016-01-07,2016,Jan,7,17.125
1103,2016-01-08,2016,Jan,8,15.5
1104,2016-01-09,2016,Jan,9,15.8571428571429
1105,2016-01-10,2016,Jan,10,15.625
1106,2016-01-11,2016,Jan,11,15.75
1107,2016-01-12,2016,Jan,12,18
1108,2016-01-13,2016,Jan,13,18.2666666666667
1109,2016-01-14,2016,Jan,14,15.5625
1110,2016-01-15,2016,Jan,15,13
1111,2016-01-16,2016,Jan,16,13.6
1112,2016-01-17,2016,Jan,17,14
1113,2016-01-18,2016,Jan,18,13.2666666666667
1114,2016-01-19,2016,Jan,19,12.3571428571429
1115,2016-01-20,2016,Jan,20,12.0666666666667
1116,2016-01-21,2016,Jan,21,12.1875
1117,2016-01-22,2016,Jan,22,11.7333333333333
1118,2016-01-23,2016,Jan,23,14.4375
1119,2016-01-24,2016,Jan,24,11.1875
1120,2016-01-25,2016,Jan,25,11.6666666666667
1121,2016-01-26,2016,Jan,26,14.5625
1122,2016-01-27,2016,Jan,27,17.5833333333333
1123,2016-01-28,2016,Jan,28,16.8571428571429
1124,2016-01-29,2016,Jan,29,19.5625
1125,2016-01-30,2016,Jan,30,20.1428571428571
1126,2016-01-31,2016,Jan,31,17.375
1127,2016-02-01,2016,Feb,1,15.8461538461538
1128,2016-02-02,2016,Feb,2,15.2666666666667
1129,2016-02-03,2016,Feb,3,13.125
1130,2016-02-04,2016,Feb,4,16.3636363636364
1131,2016-02-05,2016,Feb,5,12.6666666666667
1132,2016-02-06,2016,Feb,6,15.3333333333333
1133,2016-02-07,2016,Feb,7,15.625
1134,2016-02-08,2016,Feb,8,17.0909090909091
1135,2016-02-09,2016,Feb,9,17.7692307692308
1136,2016-02-10,2016,Feb,10,18.1333333333333
1137,2016-02-11,2016,Feb,11,19.6875
1138,2016-02-12,2016,Feb,12,19.2
1139,2016-02-13,2016,Feb,13,17.0666666666667
1140,2016-02-14,2016,Feb,14,17.6428571428571
1141,2016-02-15,2016,Feb,15,17.6
1142,2016-02-16,2016,Feb,16,18.2142857142857
1143,2016-02-17,2016,Feb,17,18.7142857142857
1144,2016-02-18,2016,Feb,18,19.4666666666667
1145,2016-02-19,2016,Feb,19,23.1538461538462
1146,2016-02-20,2016,Feb,20,23.625
1147,2016-02-21,2016,Feb,21,21
1148,2016-02-22,2016,Feb,22,21
1149,2016-02-23,2016,Feb,23,21.4285714285714
1150,2016-02-24,2016,Feb,24,21.6875
1151,2016-02-25,2016,Feb,25,22.5625
1152,2016-02-26,2016,Feb,26,22.8
1153,2016-02-27,2016,Feb,27,22.8
1154,2016-02-28,2016,Feb,28,23
1155,2016-02-29,2016,Feb,29,23.875
1156,2016-03-01,2016,March,1,24.9166666666667
1157,2016-03-02,2016,March,2,24.9333333333333
1158,2016-03-03,2016,March,3,26
1159,2016-03-04,2016,March,4,27.3125
1160,2016-03-05,2016,March,5,23.9333333333333
1161,2016-03-06,2016,March,6,22.8125
1162,2016-03-07,2016,March,7,23.7142857142857
1163,2016-03-08,2016,March,8,23.4285714285714
1164,2016-03-09,2016,March,9,24
1165,2016-03-10,2016,March,10,25.5625
1166,2016-03-11,2016,March,11,25.0666666666667
1167,2016-03-12,2016,March,12,24.5625
1168,2016-03-13,2016,March,13,24.25
1169,2016-03-14,2016,March,14,22.375
1170,2016-03-15,2016,March,15,24.0666666666667
1171,2016-03-16,2016,March,16,23.9375
1172,2016-03-17,2016,March,17,26.3125
1173,2016-03-18,2016,March,18,26.1875
1174,2016-03-19,2016,March,19,26.7857142857143
1175,2016-03-20,2016,March,20,27.1333333333333
1176,2016-03-21,2016,March,21,26.625
1177,2016-03-22,2016,March,22,25.0625
1178,2016-03-23,2016,March,23,26.2
1179,2016-03-24,2016,March,24,28.1333333333333
1180,2016-03-25,2016,March,25,29.875
1181,2016-03-26,2016,March,26,24.6666666666667
1182,2016-03-27,2016,March,27,26.25
1183,2016-03-28,2016,March,28,25.9333333333333
1184,2016-03-29,2016,March,29,27.125
1185,2016-03-30,2016,March,30,29.5714285714286
1186,2016-03-31,2016,March,31,30
1187,2016-04-01,2016,April,1,30.5714285714286
1188,2016-04-02,2016,April,2,32.3125
1189,2016-04-03,2016,April,3,33.3125
1190,2016-04-04,2016,April,4,32.8125
1191,2016-04-05,2016,April,5,32.3125
1192,2016-04-06,2016,April,6,31.375
1193,2016-04-07,2016,April,7,29.9333333333333
1194,2016-04-08,2016,April,8,29.2666666666667
1195,2016-04-09,2016,April,9,30.7333333333333
1196,2016-04-10,2016,April,10,32.25
1197,2016-04-11,2016,April,11,29.8
1198,2016-04-12,2016,April,12,30.2
1199,2016-04-13,2016,April,13,31.75
1200,2016-04-14,2016,April,14,33.125
1201,2016-04-15,2016,April,15,33.625
1202,2016-04-16,2016,April,16,35.6875
1203,2016-04-17,2016,April,17,34.6666666666667
1204,2016-04-18,2016,April,18,34.625
1205,2016-04-19,2016,April,19,34
1206,2016-04-20,2016,April,20,34.0625
1207,2016-04-21,2016,April,21,34
1208,2016-04-22,2016,April,22,33.25
1209,2016-04-23,2016,April,23,31.9166666666667
1210,2016-04-24,2016,April,24,31.3125
1211,2016-04-25,2016,April,25,31.75
1212,2016-04-26,2016,April,26,33.4375
1213,2016-04-27,2016,April,27,33.125
1214,2016-04-28,2016,April,28,34.1538461538462
1215,2016-04-29,2016,April,29,34.0714285714286
1216,2016-04-30,2016,April,30,33.0625
1217,2016-05-01,2016,May,1,34.6875
1218,2016-05-02,2016,May,2,38
1219,2016-05-03,2016,May,3,35.5
1220,2016-05-04,2016,May,4,33.7142857142857
1221,2016-05-05,2016,May,5,30.6
1222,2016-05-06,2016,May,6,31.4375
1223,2016-05-07,2016,May,7,33.3125
1224,2016-05-08,2016,May,8,35.1333333333333
1225,2016-05-09,2016,May,9,33.5333333333333
1226,2016-05-10,2016,May,10,34
1227,2016-05-11,2016,May,11,32.5
1228,2016-05-12,2016,May,12,35.375
1229,2016-05-13,2016,May,13,37.2941176470588
1230,2016-05-14,2016,May,14,36.5625
1231,2016-05-15,2016,May,15,37.25
1232,2016-05-16,2016,May,16,37.2142857142857
1233,2016-05-17,2016,May,17,37.5
1234,2016-05-18,2016,May,18,37.75
1235,2016-05-19,2016,May,19,37.375
1236,2016-05-20,2016,May,20,37.4
1237,2016-05-21,2016,May,21,36.1333333333333
1238,2016-05-22,2016,May,22,36.8
1239,2016-05-23,2016,May,23,32.2142857142857
1240,2016-05-24,2016,May,24,31.5263157894737
1241,2016-05-25,2016,May,25,33.2173913043478
1242,2016-05-26,2016,May,26,35.2692307692308
1243,2016-05-27,2016,May,27,38.2727272727273
1244,2016-05-28,2016,May,28,36.0625
1245,2016-05-29,2016,May,29,31.5
1246,2016-05-30,2016,May,30,26.8125
1247,2016-05-31,2016,May,31,32.6428571428571
1248,2016-06-01,2016,June,1,36
1249,2016-06-02,2016,June,2,37.5625
1250,2016-06-03,2016,June,3,37.5625
1251,2016-06-04,2016,June,4,38.2
1252,2016-06-05,2016,June,5,36.1666666666667
1253,2016-06-06,2016,June,6,35.4285714285714
1254,2016-06-07,2016,June,7,34.625
1255,2016-06-08,2016,June,8,36.0714285714286
1256,2016-06-09,2016,June,9,35.7333333333333
1257,2016-06-10,2016,June,10,36.1333333333333
1258,2016-06-11,2016,June,11,33.4375
1259,2016-06-12,2016,June,12,35.5
1260,2016-06-13,2016,June,13,36
1261,2016-06-14,2016,June,14,32.625
1262,2016-06-15,2016,June,15,34.7333333333333
1263,2016-06-16,2016,June,16,33.5
1264,2016-06-17,2016,June,17,34.1875
1265,2016-06-18,2016,June,18,35.8571428571429
1266,2016-06-19,2016,June,19,35.625
1267,2016-06-20,2016,June,20,30.9375
1268,2016-06-21,2016,June,21,32.875
1269,2016-06-22,2016,June,22,33.125
1270,2016-06-23,2016,June,23,33.8461538461538
1271,2016-06-24,2016,June,24,36.4375
1272,2016-06-25,2016,June,25,35.4285714285714
1273,2016-06-26,2016,June,26,34.8666666666667
1274,2016-06-27,2016,June,27,34.3125
1275,2016-06-28,2016,June,28,30.7857142857143
1276,2016-06-29,2016,June,29,35.375
1277,2016-06-30,2016,June,30,35.4666666666667
1278,2016-07-01,2016,July,1,32.125
1279,2016-07-02,2016,July,2,28.4
1280,2016-07-03,2016,July,3,29.5625
1281,2016-07-04,2016,July,4,30.6875
1282,2016-07-05,2016,July,5,33.25
1283,2016-07-06,2016,July,6,33.2666666666667
1284,2016-07-07,2016,July,7,33.5
1285,2016-07-08,2016,July,8,30.8
1286,2016-07-09,2016,July,9,33.25
1287,2016-07-10,2016,July,10,32.5625
1288,2016-07-11,2016,July,11,31.5
1289,2016-07-12,2016,July,12,30.5
1290,2016-07-13,2016,July,13,31.25
1291,2016-07-14,2016,July,14,30.4375
1292,2016-07-15,2016,July,15,31
1293,2016-07-16,2016,July,16,27.125
1294,2016-07-17,2016,July,17,28.125
1295,2016-07-18,2016,July,18,27.6666666666667
1296,2016-07-19,2016,July,19,32.3125
1297,2016-07-20,2016,July,20,34.1875
1298,2016-07-21,2016,July,21,34.1333333333333
1299,2016-07-22,2016,July,22,34.125
1300,2016-07-23,2016,July,23,31.875
1301,2016-07-24,2016,July,24,31.4375
1302,2016-07-25,2016,July,25,31.9375
1303,2016-07-26,2016,July,26,30.3125
1304,2016-07-27,2016,July,27,28.3125
1305,2016-07-28,2016,July,28,29.5333333333333
1306,2016-07-29,2016,July,29,27.375
1307,2016-07-30,2016,July,30,27.3333333333333
1308,2016-07-31,2016,July,31,29.2666666666667
1309,2016-08-01,2016,Aug,1,29.125
1310,2016-08-02,2016,Aug,2,30.6875
1311,2016-08-03,2016,Aug,3,32.5625
1312,2016-08-04,2016,Aug,4,33.1111111111111
1313,2016-08-05,2016,Aug,5,33.8
1314,2016-08-06,2016,Aug,6,30.0666666666667
1315,2016-08-07,2016,Aug,7,33.1176470588235
1316,2016-08-08,2016,Aug,8,33.8095238095238
1317,2016-08-09,2016,Aug,9,31.6153846153846
1318,2016-08-10,2016,Aug,10,32
1319,2016-08-11,2016,Aug,11,28.1071428571429
1320,2016-08-12,2016,Aug,12,29.0357142857143
1321,2016-08-13,2016,Aug,13,30.3214285714286
1322,2016-08-14,2016,Aug,14,28.9333333333333
1323,2016-08-15,2016,Aug,15,31.6785714285714
1324,2016-08-16,2016,Aug,16,31.3333333333333
1325,2016-08-17,2016,Aug,17,29.9285714285714
1326,2016-08-18,2016,Aug,18,29.8888888888889
1327,2016-08-19,2016,Aug,19,32.0714285714286
1328,2016-08-20,2016,Aug,20,33.1851851851852
1329,2016-08-21,2016,Aug,21,31.5925925925926
1330,2016-08-22,2016,Aug,22,32.1851851851852
1331,2016-08-23,2016,Aug,23,31.48
1332,2016-08-24,2016,Aug,24,30.1785714285714
1333,2016-08-25,2016,Aug,25,31.52
1334,2016-08-26,2016,Aug,26,31.2222222222222
1335,2016-08-27,2016,Aug,27,31.7857142857143
1336,2016-08-28,2016,Aug,28,33.4
1337,2016-08-29,2016,Aug,29,29.5714285714286
1338,2016-08-30,2016,Aug,30,30.04
1339,2016-08-31,2016,Aug,31,27.2592592592593
1340,2016-09-01,2016,Sept,1,27.96
1341,2016-09-02,2016,Sept,2,30.7391304347826
1342,2016-09-03,2016,Sept,3,30.8947368421053
1343,2016-09-04,2016,Sept,4,31.6923076923077
1344,2016-09-05,2016,Sept,5,31.0769230769231
1345,2016-09-06,2016,Sept,6,30.375
1346,2016-09-07,2016,Sept,7,31.1
1347,2016-09-08,2016,Sept,8,31.9166666666667
1348,2016-09-09,2016,Sept,9,30.5555555555556
1349,2016-09-10,2016,Sept,10,31.2307692307692
1350,2016-09-11,2016,Sept,11,31
1351,2016-09-12,2016,Sept,12,31.6428571428571
1352,2016-09-13,2016,Sept,13,32.5333333333333
1353,2016-09-14,2016,Sept,14,30.8571428571429
1354,2016-09-15,2016,Sept,15,31.7272727272727
1355,2016-09-16,2016,Sept,16,31.4
1356,2016-09-17,2016,Sept,17,32.3076923076923
1357,2016-09-18,2016,Sept,18,32.25
1358,2016-09-19,2016,Sept,19,32.375
1359,2016-09-20,2016,Sept,20,33.4444444444444
1360,2016-09-21,2016,Sept,21,33.36
1361,2016-09-22,2016,Sept,22,30.037037037037
1362,2016-09-23,2016,Sept,23,31
1363,2016-09-24,2016,Sept,24,31.24
1364,2016-09-25,2016,Sept,25,31.1304347826087
1365,2016-09-26,2016,Sept,26,31.48
1366,2016-09-27,2016,Sept,27,32.1851851851852
1367,2016-09-28,2016,Sept,28,32.44
1368,2016-09-29,2016,Sept,29,32.2272727272727
1369,2016-09-30,2016,Sept,30,32.2142857142857
1370,2016-10-01,2016,Oct,1,32.5416666666667
1371,2016-10-02,2016,Oct,2,32.8148148148148
1372,2016-10-03,2016,Oct,3,33.2692307692308
1373,2016-10-04,2016,Oct,4,30.5555555555556
1374,2016-10-05,2016,Oct,5,28.8333333333333
1375,2016-10-06,2016,Oct,6,30.7037037037037
1376,2016-10-07,2016,Oct,7,30.96
1377,2016-10-08,2016,Oct,8,30.6
1378,2016-10-09,2016,Oct,9,30.92
1379,2016-10-10,2016,Oct,10,29.7777777777778
1380,2016-10-11,2016,Oct,11,29.6666666666667
1381,2016-10-12,2016,Oct,12,29.5714285714286
1382,2016-10-13,2016,Oct,13,29.962962962963
1383,2016-10-14,2016,Oct,14,29.75
1384,2016-10-15,2016,Oct,15,27.7407407407407
1385,2016-10-16,2016,Oct,16,28.4285714285714
1386,2016-10-17,2016,Oct,17,28.6
1387,2016-10-18,2016,Oct,18,28.5
1388,2016-10-19,2016,Oct,19,28.9259259259259
1389,2016-10-20,2016,Oct,20,29.0769230769231
1390,2016-10-21,2016,Oct,21,28.4090909090909
1391,2016-10-22,2016,Oct,22,29.3333333333333
1392,2016-10-23,2016,Oct,23,27.5
1393,2016-10-24,2016,Oct,24,28.5
1394,2016-10-25,2016,Oct,25,28.04
1395,2016-10-26,2016,Oct,26,27.5769230769231
1396,2016-10-27,2016,Oct,27,26.5555555555556
1397,2016-10-28,2016,Oct,28,25.5185185185185
1398,2016-10-29,2016,Oct,29,25.8148148148148
1399,2016-10-30,2016,Oct,30,24.8260869565217
1400,2016-10-31,2016,Oct,31,24.5384615384615
1401,2016-11-01,2016,Nov,1,24.3846153846154
1402,2016-11-02,2016,Nov,2,23.7272727272727
1403,2016-11-03,2016,Nov,3,25.64
1404,2016-11-04,2016,Nov,4,24.8148148148148
1405,2016-11-05,2016,Nov,5,23.1153846153846
1406,2016-11-06,2016,Nov,6,22.9259259259259
1407,2016-11-07,2016,Nov,7,24.5454545454545
1408,2016-11-08,2016,Nov,8,23.7307692307692
1409,2016-11-09,2016,Nov,9,23
1410,2016-11-10,2016,Nov,10,23.5185185185185
1411,2016-11-11,2016,Nov,11,23.92
1412,2016-11-12,2016,Nov,12,23.5384615384615
1413,2016-11-13,2016,Nov,13,24.2962962962963
1414,2016-11-14,2016,Nov,14,23.3461538461538
1415,2016-11-15,2016,Nov,15,22.24
1416,2016-11-16,2016,Nov,16,21.7692307692308
1417,2016-11-17,2016,Nov,17,21.7307692307692
1418,2016-11-18,2016,Nov,18,21.7307692307692
1419,2016-11-19,2016,Nov,19,20.6666666666667
1420,2016-11-20,2016,Nov,20,22.25
1421,2016-11-21,2016,Nov,21,21.5384615384615
1422,2016-11-22,2016,Nov,22,22.578947368421
1423,2016-11-23,2016,Nov,23,22.8260869565217
1424,2016-11-24,2016,Nov,24,21.4210526315789
1425,2016-11-25,2016,Nov,25,23.6
1426,2016-11-26,2016,Nov,26,24.2941176470588
1427,2016-11-27,2016,Nov,27,23.6363636363636
1428,2016-11-28,2016,Nov,28,22.4545454545455
1429,2016-11-29,2016,Nov,29,21.6111111111111
1430,2016-11-30,2016,Nov,30,19.8695652173913
1431,2016-12-01,2016,Dec,1,19.75
1432,2016-12-02,2016,Dec,2,19.2083333333333
1433,2016-12-03,2016,Dec,3,21.2083333333333
1434,2016-12-04,2016,Dec,4,18.9
1435,2016-12-05,2016,Dec,5,18.6363636363636
1436,2016-12-06,2016,Dec,6,18.5384615384615
1437,2016-12-07,2016,Dec,7,18.25
1438,2016-12-08,2016,Dec,8,16.9
1439,2016-12-09,2016,Dec,9,19.4166666666667
1440,2016-12-10,2016,Dec,10,16.4444444444444
1441,2016-12-11,2016,Dec,11,20.0416666666667
1442,2016-12-12,2016,Dec,12,19.9090909090909
1443,2016-12-13,2016,Dec,13,19.05
1444,2016-12-14,2016,Dec,14,18.5555555555556
1445,2016-12-15,2016,Dec,15,18.1666666666667
1446,2016-12-16,2016,Dec,16,15.8333333333333
1447,2016-12-17,2016,Dec,17,17.5
1448,2016-12-18,2016,Dec,18,16.0833333333333
1449,2016-12-19,2016,Dec,19,17.8571428571429
1450,2016-12-20,2016,Dec,20,19.8
1451,2016-12-21,2016,Dec,21,18.05
1452,2016-12-22,2016,Dec,22,17.2857142857143
1453,2016-12-23,2016,Dec,23,15.55
1454,2016-12-24,2016,Dec,24,17.3181818181818
1455,2016-12-25,2016,Dec,25,14
1456,2016-12-26,2016,Dec,26,17.1428571428571
1457,2016-12-27,2016,Dec,27,16.85
1458,2016-12-28,2016,Dec,28,17.2173913043478
1459,2016-12-29,2016,Dec,29,15.2380952380952
1460,2016-12-30,2016,Dec,30,14.0952380952381
1461,2016-12-31,2016,Dec,31,15.0526315789474
